"","pid","viallabel","sex","group","intervention","weight","vo_max1","vo_max2"
"90217013001",10023259,"90217013001","male","control","control",346.2,64.47,63.47
"90218013001",10024735,"90218013001","male","8w","training",304.7,72.6,81.32
"90219013104",10024816,"90219013104","male","control","control",324.6,66.38,61.39
"90220013104",10025464,"90220013104","male","control","control",332.8,63.31,62.27
"90221013104",10025545,"90221013104","male","control","control",353.8,64.37,58.48
"90222013002",10025626,"90222013002","male","8w","training",293.3,65.15,79.69
"90223013002",10025707,"90223013002","male","8w","training",331,60.42,78.77
"90224013104",10025898,"90224013104","male","8w","training",321.1,68.45,78.55
"90225013001",10025979,"90225013001","male","8w","training",327,64.01,76.23
"90226013104",10026002,"90226013104","male","control","control",360.2,65.3,59.12
"90227013002",10026193,"90227013002","male","8w","training",321.2,65.77,69.34
"90228013104",10026274,"90228013104","male","control","control",318.6,67.75,62.94
"90229013002",10026355,"90229013002","male","control","control",381.1,54.69,52.64
"90230013104",10026436,"90230013104","male","8w","training",311.2,66.14,70.34
"90231013104",10026517,"90231013104","male","control","control",366.1,61.58,52.76
"90232013002",10026789,"90232013002","male","control","control",357.2,60.18,59.7
"90233013104",10026940,"90233013104","male","8w","training",326.5,65.35,73.37
"90235013104",10027084,"90235013104","male","8w","training",324.5,65.6,78.22
"90234013104",10027165,"90234013104","male","8w","training",305.2,67.27,81.49
"90236013104",10027246,"90236013104","male","8w","training",287.4,68.99,78.06
"90237013002",10027327,"90237013002","male","control","control",351.4,64.69,58.53
"90238013104",10027408,"90238013104","male","8w","training",312.6,61.83,78.25
"90239013002",10027599,"90239013002","male","control","control",342.7,55.47,60.42
"90240013104",10027831,"90240013104","male","control","control",383.4,66.66,58.73
"90241013104",10027912,"90241013104","male","8w","training",317.9,66.89,80.18
"90245013002",10043527,"90245013002","female","control","control",196.2,83.8,73.16
"90246013104",10043608,"90246013104","female","8w","training",194,68.7,83.57
"90247016005",10043799,"90247016005","female","control","control",196.2,71.7,63.77
"90248013001",10043950,"90248013001","female","control","control",195,72.5,64.63
"90249013104",10044094,"90249013104","female","control","control",190,69.7,61.85
"90251013001",10044256,"90251013001","female","8w","training",176.8,72.6,76.17
"90252013001",10044337,"90252013001","female","control","control",199.1,69.6,73.52
"90253013104",10044418,"90253013104","female","control","control",186.4,77.6,63.65
"90254013002",10044760,"90254013002","female","8w","training",180,69.9,83.92
"90255013104",10044841,"90255013104","female","8w","training",180.7,65.1,84.43
"90256013104",10044922,"90256013104","female","control","control",180.2,69.7,64.39
"90258013001",10045228,"90258013001","female","8w","training",181.3,66.4,81.87
"90259013002",10045309,"90259013002","female","8w","training",183.4,74,82.68
"90260013104",10045570,"90260013104","female","control","control",184.8,65.8,73.62
"90261013104",10045651,"90261013104","female","8w","training",197.7,67.9,82.17
"90262013104",10045732,"90262013104","female","8w","training",179.7,79.6,85.13
"90263013104",10045813,"90263013104","female","control","control",179.9,77.3,65.33
"90264013104",10046038,"90264013104","female","control","control",199,72.8,72.92
"90265013001",10046119,"90265013001","female","control","control",200.2,79.5,64.04
"90266013002",10046380,"90266013002","female","control","control",209.3,75.6,61.43
"90267013002",10046461,"90267013002","female","8w","training",200.3,77.4,84.06
"90268013104",10046542,"90268013104","female","8w","training",194.9,78.6,84.41
"90269013104",10046623,"90269013104","female","8w","training",192.2,77.6,80.5
"90270013104",10046704,"90270013104","female","8w","training",177,73.1,88.2
"90271013104",10046895,"90271013104","female","8w","training",192.3,77.4,78.86
"90272013104",10046976,"90272013104","female","8w","training",194.2,64.4,83.27
"90275013104",10059369,"90275013104","male","4w","training",324.2,65.38,70.03
"90276013104",10063633,"90276013104","male","4w","training",332.9,68.87,70.02
"90277013104",10085017,"90277013104","male","4w","training",343.9,68.75,67.27
"90278013104",10088113,"90278013104","male","4w","training",271,67.61,69.96
"90279013104",10093702,"90279013104","male","4w","training",267.9,71,72.27
"90280013001",10095241,"90280013001","male","4w","training",307.7,62.1,64.12
"90281013001",10106383,"90281013001","male","4w","training",301.4,65.8,67.3
"90282013104",10136967,"90282013104","male","4w","training",353.9,64.34,67.39
"90283013001",10139044,"90283013001","male","4w","training",297.6,59.9,64.37
"90284013104",10139710,"90284013104","male","4w","training",265.4,67.05,69.4
"90285013104",10152148,"90285013104","male","4w","training",336.1,64.39,71.33
"90286013104",10171010,"90286013104","male","4w","training",311.3,63.02,68.54
"90287013104",10175431,"90287013104","male","4w","training",308.5,60.88,69.26
"90288013104",10179267,"90288013104","male","4w","training",311.7,65.39,64.87
"90289013001",10185585,"90289013001","male","4w","training",319.1,69.4,70.01
"90290013104",10204989,"90290013104","male","4w","training",313.3,69.41,68.73
"90291013104",10219315,"90291013104","male","4w","training",327.4,66.47,65.46
"90292013001",10220917,"90292013001","male","4w","training",298.1,62.76,64.75
"90405013104",10268871,"90405013104","female","4w","training",174.3,77.4,78.86
"90403013104",10282947,"90403013104","female","4w","training",181.3,76.45,72.24
"90404013104",10284052,"90404013104","female","4w","training",184.1,77.99,81.05
"90402013104",10300007,"90402013104","female","4w","training",195.1,69.5,73.4
"90406013001",10306471,"90406013001","female","4w","training",200,74.99,78.87
"90407013104",10309659,"90407013104","female","4w","training",181.3,78.13,73.52
"90408013104",10314733,"90408013104","female","4w","training",185.3,76.63,88.4
"90409013104",10315624,"90409013104","female","4w","training",175,71.89,71.69
"90410013001",10335064,"90410013001","female","4w","training",181.4,74.2,76.12
"90411013104",10335730,"90411013104","female","4w","training",192.3,74.32,78.22
"90412013001",10337199,"90412013001","female","4w","training",188.8,67.99,75.5
"90413013104",10338918,"90413013104","female","4w","training",187.3,74.77,74.72
"90414013104",10356738,"90414013104","female","4w","training",229,69.76,72.48
"90416013001",10381414,"90416013001","female","4w","training",186.2,71.3,71.92
"90417013104",10387021,"90417013104","female","4w","training",190.7,72.68,73.16
"90418013104",10391800,"90418013104","female","4w","training",190,75.42,73.65
"90419013104",10398651,"90419013104","female","4w","training",192.4,69.12,73.17
"90420013001",10411690,"90420013001","female","4w","training",163.5,78.98,80.1
"90421013002",10417702,"90421013002","male","1w","training",337.5,70.58,NA
"90422013002",10422463,"90422013002","male","1w","training",380.2,66.19,NA
"90423013002",10424911,"90423013002","male","1w","training",333.6,71.45,NA
"90436013104",10434046,"90436013104","male","2w","training",323.5,64.44,NA
"90437013104",10436170,"90437013104","male","2w","training",337.1,65.07,NA
"90424013104",10471596,"90424013104","male","1w","training",324.9,66.71,NA
"90438013104",10472053,"90438013104","male","2w","training",303.9,68.6,NA
"90425013104",10478337,"90425013104","male","1w","training",311.1,65.73,NA
"90439013001",10486003,"90439013001","male","2w","training",313.7,69.82,NA
"90440013104",10496580,"90440013104","male","2w","training",348,69.19,NA
"90441013002",10502300,"90441013002","male","2w","training",399.4,62.6,NA
"90426013001",10503110,"90426013001","male","1w","training",323.4,65.07,NA
"90442013104",10531599,"90442013104","male","2w","training",333.1,68.54,NA
"90427013104",10536558,"90427013104","male","1w","training",334.3,66.89,NA
"90428013104",10543767,"90428013104","male","1w","training",346.3,61.75,NA
"90429013104",10553053,"90429013104","male","1w","training",389.3,64.22,NA
"90430013001",10561072,"90430013001","male","1w","training",340.1,67.25,NA
"90443013104",10564179,"90443013104","male","2w","training",331.9,66.74,NA
"90444013001",10587543,"90444013001","male","2w","training",326.5,64.06,NA
"90445013104",10589325,"90445013104","male","2w","training",310.9,61.8,NA
"90446013104",10591575,"90446013104","male","2w","training",326.6,72.06,NA
"90447013104",10611193,"90447013104","male","2w","training",321.2,64.04,NA
"90431013104",10616233,"90431013104","male","1w","training",299.7,65.96,NA
"90432013104",10619259,"90432013104","male","1w","training",373.6,68.88,NA
"90433013104",10621903,"90433013104","male","1w","training",316.9,56.12,NA
"90448013104",10637079,"90448013104","male","2w","training",314.5,78.61,NA
"90449013001",10641858,"90449013001","male","2w","training",307.3,63.56,NA
"90450013001",10672656,"90450013001","male","2w","training",326.3,65.35,NA
"90434013104",10675086,"90434013104","male","1w","training",345.7,68.35,NA
"90435013104",10677887,"90435013104","male","1w","training",336.1,64.26,NA
"90574013104",10680837,"90574013104","female","2w","training",174.3,77.05,NA
"90560013001",10700102,"90560013001","female","1w","training",186.7,68.29,NA
"90575013104",10702741,"90575013104","female","2w","training",195.1,73.37,NA
"90576013001",10729518,"90576013001","female","2w","training",194.9,78.99,NA
"90577013104",10732306,"90577013104","female","2w","training",179.6,73.46,NA
"90578013001",10734945,"90578013001","female","2w","training",188.9,66.37,NA
"90579013104",10742611,"90579013104","female","2w","training",194,70.16,NA
"90580013104",10756086,"90580013104","female","2w","training",202.8,60.1,NA
"90573013104",10760008,"90573013104","female","1w","training",183.1,61.04,NA
"90581013001",10761160,"90581013001","female","2w","training",193.3,66.63,NA
"90561013104",10770666,"90561013104","female","1w","training",193.1,68.63,NA
"90562013104",10780629,"90562013104","female","1w","training",186.6,73.76,NA
"90582013104",10782168,"90582013104","female","2w","training",181.9,77.72,NA
"90563013104",10784616,"90563013104","female","1w","training",194.2,68.69,NA
"90583013104",10830073,"90583013104","female","2w","training",180,63.78,NA
"90564013001",10833331,"90564013001","female","1w","training",185.3,68.46,NA
"90584013104",10858679,"90584013104","female","2w","training",179.7,72.74,NA
"90585013001",10871349,"90585013001","female","2w","training",191.8,71.76,NA
"90586013104",10877894,"90586013104","female","2w","training",186.9,66.46,NA
"90565013104",10886028,"90565013104","female","1w","training",183.3,62.09,NA
"90566013104",10901000,"90566013104","female","1w","training",197.7,63,NA
"90567013001",10901434,"90567013001","female","1w","training",175.3,65.36,NA
"90568013104",10914331,"90568013104","female","1w","training",182.6,75.35,NA
"90569013104",10934529,"90569013104","female","1w","training",179,73.81,NA
"90559013001",10950486,"90559013001","female","1w","training",179.3,67.93,NA
"90570013104",10950648,"90570013104","female","1w","training",197.3,61.69,NA
"90571013001",10953744,"90571013001","female","1w","training",183.3,71.3,NA
"90572013104",10962735,"90572013104","female","1w","training",190.6,65.99,NA
"90587013001",10971645,"90587013001","female","2w","training",186.4,64.61,NA
"90588013104",10972374,"90588013104","female","2w","training",185.7,65,NA
